unit,sex,age,geo,time,values,week,year,date,datum_fiktivni,max,min
NR,T,TOTAL,CZ,2020W14,2277,14,2020,2020-04-05,2020-04-05,2448,1953
NR,T,TOTAL,CZ,2020W13,2267,13,2020,2020-03-29,2020-03-29,2383,2027
NR,T,TOTAL,CZ,2020W12,2301,12,2020,2020-03-22,2020-03-22,2607,2045
NR,T,TOTAL,CZ,2020W11,2281,11,2020,2020-03-15,2020-03-15,2782,2020
NR,T,TOTAL,CZ,2020W10,2272,10,2020,2020-03-08,2020-03-08,2994,2032
NR,T,TOTAL,CZ,2020W09,2338,9,2020,2020-03-01,2020-03-01,2819,2011
NR,T,TOTAL,CZ,2020W08,2332,8,2020,2020-02-23,2020-02-23,2754,2083
NR,T,TOTAL,CZ,2020W07,2383,7,2020,2020-02-16,2020-02-16,2732,2054
NR,T,TOTAL,CZ,2020W06,2340,6,2020,2020-02-09,2020-02-09,2640,2024
NR,T,TOTAL,CZ,2020W05,2350,5,2020,2020-02-02,2020-02-02,2598,2091
NR,T,TOTAL,CZ,2020W04,2321,4,2020,2020-01-26,2020-01-26,2761,2011
NR,T,TOTAL,CZ,2020W03,2230,3,2020,2020-01-19,2020-01-19,2833,1997
NR,T,TOTAL,CZ,2020W02,2304,2,2020,2020-01-12,2020-01-12,2811,1978
NR,T,TOTAL,CZ,2020W01,2299,1,2020,2020-01-05,2020-01-05,2763,2099
NR,T,TOTAL,CZ,2019W52,2245,52,2019,2019-12-29,2020-12-29,2620,1967
NR,T,TOTAL,CZ,2019W51,2248,51,2019,2019-12-22,2020-12-22,2435,1951
NR,T,TOTAL,CZ,2019W50,2226,50,2019,2019-12-15,2020-12-15,2226,1926
NR,T,TOTAL,CZ,2019W49,2078,49,2019,2019-12-08,2020-12-08,2241,1986
NR,T,TOTAL,CZ,2019W48,2134,48,2019,2019-12-01,2020-12-01,2153,1903
NR,T,TOTAL,CZ,2019W47,2173,47,2019,2019-11-24,2020-11-24,2173,1865
NR,T,TOTAL,CZ,2019W46,2231,46,2019,2019-11-17,2020-11-17,2231,1911
NR,T,TOTAL,CZ,2019W45,2110,45,2019,2019-11-10,2020-11-10,2110,1881
NR,T,TOTAL,CZ,2019W44,2066,44,2019,2019-11-03,2020-11-03,2148,1862
NR,T,TOTAL,CZ,2019W43,2139,43,2019,2019-10-27,2020-10-27,2139,1945
NR,T,TOTAL,CZ,2019W42,2099,42,2019,2019-10-20,2020-10-20,2142,1924
NR,T,TOTAL,CZ,2019W41,2197,41,2019,2019-10-13,2020-10-13,2197,1988
NR,T,TOTAL,CZ,2019W40,2153,40,2019,2019-10-06,2020-10-06,2235,1920
NR,T,TOTAL,CZ,2019W39,2157,39,2019,2019-09-29,2020-09-29,2157,1874
NR,T,TOTAL,CZ,2019W38,2030,38,2019,2019-09-22,2020-09-22,2134,1834
NR,T,TOTAL,CZ,2019W37,1944,37,2019,2019-09-15,2020-09-15,2026,1877
NR,T,TOTAL,CZ,2019W36,1922,36,2019,2019-09-08,2020-09-08,2029,1849
NR,T,TOTAL,CZ,2019W35,2151,35,2019,2019-09-01,2020-09-01,2151,1715
NR,T,TOTAL,CZ,2019W34,2011,34,2019,2019-08-25,2020-08-25,2078,1813
NR,T,TOTAL,CZ,2019W33,2026,33,2019,2019-08-18,2020-08-18,2521,1757
NR,T,TOTAL,CZ,2019W32,2027,32,2019,2019-08-11,2020-08-11,2156,1758
NR,T,TOTAL,CZ,2019W31,2010,31,2019,2019-08-04,2020-08-04,2379,1712
NR,T,TOTAL,CZ,2019W30,2171,30,2019,2019-07-28,2020-07-28,2171,1770
NR,T,TOTAL,CZ,2019W29,2034,29,2019,2019-07-21,2020-07-21,2214,1753
NR,T,TOTAL,CZ,2019W28,1956,28,2019,2019-07-14,2020-07-14,2218,1833
NR,T,TOTAL,CZ,2019W27,2046,27,2019,2019-07-07,2020-07-07,2101,1777
NR,T,TOTAL,CZ,2019W26,2067,26,2019,2019-06-30,2020-06-30,2067,1790
NR,T,TOTAL,CZ,2019W25,1980,25,2019,2019-06-23,2020-06-23,2338,1761
NR,T,TOTAL,CZ,2019W24,2145,24,2019,2019-06-16,2020-06-16,2145,1861
NR,T,TOTAL,CZ,2019W23,2020,23,2019,2019-06-09,2020-06-09,2183,1836
NR,T,TOTAL,CZ,2019W22,2093,22,2019,2019-06-02,2020-06-02,2093,1830
NR,T,TOTAL,CZ,2019W21,1995,21,2019,2019-05-26,2020-05-26,2069,1892
NR,T,TOTAL,CZ,2019W20,2025,20,2019,2019-05-19,2020-05-19,2025,1876
NR,T,TOTAL,CZ,2019W19,2093,19,2019,2019-05-12,2020-05-12,2093,1904
NR,T,TOTAL,CZ,2019W18,2051,18,2019,2019-05-05,2020-05-05,2102,1897
NR,T,TOTAL,CZ,2019W17,2103,17,2019,2019-04-28,2020-04-28,2258,1957
NR,T,TOTAL,CZ,2019W16,2094,16,2019,2019-04-21,2020-04-21,2192,1949
NR,T,TOTAL,CZ,2019W15,2145,15,2019,2019-04-14,2020-04-14,2272,1948
NR,T,TOTAL,CZ,2019W14,2131,14,2019,2019-04-07,2020-04-07,2448,1953
NR,T,TOTAL,CZ,2019W13,2124,13,2019,2019-03-31,2020-03-31,2383,2027
NR,T,TOTAL,CZ,2019W12,2198,12,2019,2019-03-24,2020-03-24,2607,2045
NR,T,TOTAL,CZ,2019W11,2262,11,2019,2019-03-17,2020-03-17,2782,2020
NR,T,TOTAL,CZ,2019W10,2383,10,2019,2019-03-10,2020-03-10,2994,2032
NR,T,TOTAL,CZ,2019W09,2313,9,2019,2019-03-03,2020-03-03,2819,2011
NR,T,TOTAL,CZ,2019W08,2496,8,2019,2019-02-24,2020-02-24,2754,2083
NR,T,TOTAL,CZ,2019W07,2509,7,2019,2019-02-17,2020-02-17,2732,2054
NR,T,TOTAL,CZ,2019W06,2445,6,2019,2019-02-10,2020-02-10,2640,2024
NR,T,TOTAL,CZ,2019W05,2497,5,2019,2019-02-03,2020-02-03,2598,2091
NR,T,TOTAL,CZ,2019W04,2365,4,2019,2019-01-27,2020-01-27,2761,2011
NR,T,TOTAL,CZ,2019W03,2311,3,2019,2019-01-20,2020-01-20,2833,1997
NR,T,TOTAL,CZ,2019W02,2290,2,2019,2019-01-13,2020-01-13,2811,1978
NR,T,TOTAL,CZ,2019W01,2321,1,2019,2019-01-06,2020-01-06,2763,2099
NR,T,TOTAL,CZ,2018W52,2145,52,2018,2018-12-30,2020-12-30,2620,1967
NR,T,TOTAL,CZ,2018W51,2303,51,2018,2018-12-23,2020-12-23,2435,1951
NR,T,TOTAL,CZ,2018W50,2136,50,2018,2018-12-16,2020-12-16,2226,1926
NR,T,TOTAL,CZ,2018W49,2194,49,2018,2018-12-09,2020-12-09,2241,1986
NR,T,TOTAL,CZ,2018W48,2095,48,2018,2018-12-02,2020-12-02,2153,1903
NR,T,TOTAL,CZ,2018W47,2141,47,2018,2018-11-25,2020-11-25,2173,1865
NR,T,TOTAL,CZ,2018W46,1991,46,2018,2018-11-18,2020-11-18,2231,1911
NR,T,TOTAL,CZ,2018W45,2046,45,2018,2018-11-11,2020-11-11,2110,1881
NR,T,TOTAL,CZ,2018W44,2148,44,2018,2018-11-04,2020-11-04,2148,1862
NR,T,TOTAL,CZ,2018W43,2024,43,2018,2018-10-28,2020-10-28,2139,1945
NR,T,TOTAL,CZ,2018W42,2014,42,2018,2018-10-21,2020-10-21,2142,1924
NR,T,TOTAL,CZ,2018W41,2076,41,2018,2018-10-14,2020-10-14,2197,1988
NR,T,TOTAL,CZ,2018W40,2123,40,2018,2018-10-07,2020-10-07,2235,1920
NR,T,TOTAL,CZ,2018W39,1906,39,2018,2018-09-30,2020-09-30,2157,1874
NR,T,TOTAL,CZ,2018W38,2056,38,2018,2018-09-23,2020-09-23,2134,1834
NR,T,TOTAL,CZ,2018W37,2014,37,2018,2018-09-16,2020-09-16,2026,1877
NR,T,TOTAL,CZ,2018W36,1979,36,2018,2018-09-09,2020-09-09,2029,1849
NR,T,TOTAL,CZ,2018W35,1902,35,2018,2018-09-02,2020-09-02,2151,1715
NR,T,TOTAL,CZ,2018W34,2004,34,2018,2018-08-26,2020-08-26,2078,1813
NR,T,TOTAL,CZ,2018W33,1923,33,2018,2018-08-19,2020-08-19,2521,1757
NR,T,TOTAL,CZ,2018W32,2118,32,2018,2018-08-12,2020-08-12,2156,1758
NR,T,TOTAL,CZ,2018W31,2379,31,2018,2018-08-05,2020-08-05,2379,1712
NR,T,TOTAL,CZ,2018W30,2153,30,2018,2018-07-29,2020-07-29,2171,1770
NR,T,TOTAL,CZ,2018W29,2039,29,2018,2018-07-22,2020-07-22,2214,1753
NR,T,TOTAL,CZ,2018W28,2041,28,2018,2018-07-15,2020-07-15,2218,1833
NR,T,TOTAL,CZ,2018W27,1979,27,2018,2018-07-08,2020-07-08,2101,1777
NR,T,TOTAL,CZ,2018W26,1940,26,2018,2018-07-01,2020-07-01,2067,1790
NR,T,TOTAL,CZ,2018W25,1964,25,2018,2018-06-24,2020-06-24,2338,1761
NR,T,TOTAL,CZ,2018W24,1863,24,2018,2018-06-17,2020-06-17,2145,1861
NR,T,TOTAL,CZ,2018W23,2038,23,2018,2018-06-10,2020-06-10,2183,1836
NR,T,TOTAL,CZ,2018W22,1995,22,2018,2018-06-03,2020-06-03,2093,1830
NR,T,TOTAL,CZ,2018W21,2013,21,2018,2018-05-27,2020-05-27,2069,1892
NR,T,TOTAL,CZ,2018W20,1962,20,2018,2018-05-20,2020-05-20,2025,1876
NR,T,TOTAL,CZ,2018W19,1958,19,2018,2018-05-13,2020-05-13,2093,1904
NR,T,TOTAL,CZ,2018W18,2022,18,2018,2018-05-06,2020-05-06,2102,1897
NR,T,TOTAL,CZ,2018W17,2090,17,2018,2018-04-29,2020-04-29,2258,1957
NR,T,TOTAL,CZ,2018W16,2061,16,2018,2018-04-22,2020-04-22,2192,1949
NR,T,TOTAL,CZ,2018W15,2257,15,2018,2018-04-15,2020-04-15,2272,1948
NR,T,TOTAL,CZ,2018W14,2262,14,2018,2018-04-08,2020-04-08,2448,1953
NR,T,TOTAL,CZ,2018W13,2383,13,2018,2018-04-01,2020-04-01,2383,2027
NR,T,TOTAL,CZ,2018W12,2607,12,2018,2018-03-25,2020-03-25,2607,2045
NR,T,TOTAL,CZ,2018W11,2782,11,2018,2018-03-18,2020-03-18,2782,2020
NR,T,TOTAL,CZ,2018W10,2994,10,2018,2018-03-11,2020-03-11,2994,2032
NR,T,TOTAL,CZ,2018W09,2819,9,2018,2018-03-04,2020-03-04,2819,2011
NR,T,TOTAL,CZ,2018W08,2754,8,2018,2018-02-25,2020-02-25,2754,2083
NR,T,TOTAL,CZ,2018W07,2602,7,2018,2018-02-18,2020-02-18,2732,2054
NR,T,TOTAL,CZ,2018W06,2404,6,2018,2018-02-11,2020-02-11,2640,2024
NR,T,TOTAL,CZ,2018W05,2216,5,2018,2018-02-04,2020-02-04,2598,2091
NR,T,TOTAL,CZ,2018W04,2190,4,2018,2018-01-28,2020-01-28,2761,2011
NR,T,TOTAL,CZ,2018W03,2230,3,2018,2018-01-21,2020-01-21,2833,1997
NR,T,TOTAL,CZ,2018W02,2126,2,2018,2018-01-14,2020-01-14,2811,1978
NR,T,TOTAL,CZ,2018W01,2143,1,2018,2018-01-07,2020-01-07,2763,2099
NR,T,TOTAL,CZ,2017W52,2201,52,2017,2017-12-31,2020-12-31,2620,1967
NR,T,TOTAL,CZ,2017W51,2119,51,2017,2017-12-24,2020-12-24,2435,1951
NR,T,TOTAL,CZ,2017W50,2187,50,2017,2017-12-17,2020-12-17,2226,1926
NR,T,TOTAL,CZ,2017W49,2102,49,2017,2017-12-10,2020-12-10,2241,1986
NR,T,TOTAL,CZ,2017W48,2116,48,2017,2017-12-03,2020-12-03,2153,1903
NR,T,TOTAL,CZ,2017W47,2071,47,2017,2017-11-26,2020-11-26,2173,1865
NR,T,TOTAL,CZ,2017W46,2057,46,2017,2017-11-19,2020-11-19,2231,1911
NR,T,TOTAL,CZ,2017W45,2040,45,2017,2017-11-12,2020-11-12,2110,1881
NR,T,TOTAL,CZ,2017W44,2053,44,2017,2017-11-05,2020-11-05,2148,1862
NR,T,TOTAL,CZ,2017W43,2101,43,2017,2017-10-29,2020-10-29,2139,1945
NR,T,TOTAL,CZ,2017W42,2029,42,2017,2017-10-22,2020-10-22,2142,1924
NR,T,TOTAL,CZ,2017W41,2156,41,2017,2017-10-15,2020-10-15,2197,1988
NR,T,TOTAL,CZ,2017W40,2235,40,2017,2017-10-08,2020-10-08,2235,1920
NR,T,TOTAL,CZ,2017W39,2125,39,2017,2017-10-01,2020-10-01,2157,1874
NR,T,TOTAL,CZ,2017W38,2058,38,2017,2017-09-24,2020-09-24,2134,1834
NR,T,TOTAL,CZ,2017W37,1991,37,2017,2017-09-17,2020-09-17,2026,1877
NR,T,TOTAL,CZ,2017W36,1920,36,2017,2017-09-10,2020-09-10,2029,1849
NR,T,TOTAL,CZ,2017W35,1848,35,2017,2017-09-03,2020-09-03,2151,1715
NR,T,TOTAL,CZ,2017W34,1939,34,2017,2017-08-27,2020-08-27,2078,1813
NR,T,TOTAL,CZ,2017W33,1861,33,2017,2017-08-20,2020-08-20,2521,1757
NR,T,TOTAL,CZ,2017W32,1959,32,2017,2017-08-13,2020-08-13,2156,1758
NR,T,TOTAL,CZ,2017W31,2077,31,2017,2017-08-06,2020-08-06,2379,1712
NR,T,TOTAL,CZ,2017W30,1770,30,2017,2017-07-30,2020-07-30,2171,1770
NR,T,TOTAL,CZ,2017W29,1972,29,2017,2017-07-23,2020-07-23,2214,1753
NR,T,TOTAL,CZ,2017W28,1886,28,2017,2017-07-16,2020-07-16,2218,1833
NR,T,TOTAL,CZ,2017W27,1953,27,2017,2017-07-09,2020-07-09,2101,1777
NR,T,TOTAL,CZ,2017W26,1939,26,2017,2017-07-02,2020-07-02,2067,1790
NR,T,TOTAL,CZ,2017W25,2042,25,2017,2017-06-25,2020-06-25,2338,1761
NR,T,TOTAL,CZ,2017W24,1978,24,2017,2017-06-18,2020-06-18,2145,1861
NR,T,TOTAL,CZ,2017W23,1836,23,2017,2017-06-11,2020-06-11,2183,1836
NR,T,TOTAL,CZ,2017W22,2033,22,2017,2017-06-04,2020-06-04,2093,1830
NR,T,TOTAL,CZ,2017W21,1932,21,2017,2017-05-28,2020-05-28,2069,1892
NR,T,TOTAL,CZ,2017W20,1974,20,2017,2017-05-21,2020-05-21,2025,1876
NR,T,TOTAL,CZ,2017W19,2074,19,2017,2017-05-14,2020-05-14,2093,1904
NR,T,TOTAL,CZ,2017W18,2041,18,2017,2017-05-07,2020-05-07,2102,1897
NR,T,TOTAL,CZ,2017W17,2051,17,2017,2017-04-30,2020-04-30,2258,1957
NR,T,TOTAL,CZ,2017W16,2043,16,2017,2017-04-23,2020-04-23,2192,1949
NR,T,TOTAL,CZ,2017W15,1994,15,2017,2017-04-16,2020-04-16,2272,1948
NR,T,TOTAL,CZ,2017W14,2069,14,2017,2017-04-09,2020-04-09,2448,1953
NR,T,TOTAL,CZ,2017W13,2075,13,2017,2017-04-02,2020-04-02,2383,2027
NR,T,TOTAL,CZ,2017W12,2103,12,2017,2017-03-26,2020-03-26,2607,2045
NR,T,TOTAL,CZ,2017W11,2164,11,2017,2017-03-19,2020-03-19,2782,2020
NR,T,TOTAL,CZ,2017W10,2225,10,2017,2017-03-12,2020-03-12,2994,2032
NR,T,TOTAL,CZ,2017W09,2353,9,2017,2017-03-05,2020-03-05,2819,2011
NR,T,TOTAL,CZ,2017W08,2357,8,2017,2017-02-26,2020-02-26,2754,2083
NR,T,TOTAL,CZ,2017W07,2492,7,2017,2017-02-19,2020-02-19,2732,2054
NR,T,TOTAL,CZ,2017W06,2640,6,2017,2017-02-12,2020-02-12,2640,2024
NR,T,TOTAL,CZ,2017W05,2598,5,2017,2017-02-05,2020-02-05,2598,2091
NR,T,TOTAL,CZ,2017W04,2761,4,2017,2017-01-29,2020-01-29,2761,2011
NR,T,TOTAL,CZ,2017W03,2833,3,2017,2017-01-22,2020-01-22,2833,1997
NR,T,TOTAL,CZ,2017W02,2811,2,2017,2017-01-15,2020-01-15,2811,1978
NR,T,TOTAL,CZ,2017W01,2763,1,2017,2017-01-08,2020-01-08,2763,2099
NR,T,TOTAL,CZ,2016W52,2620,52,2016,2017-01-01,2020-01-01,2620,1967
NR,T,TOTAL,CZ,2016W51,2435,51,2016,2016-12-25,2020-12-25,2435,1951
NR,T,TOTAL,CZ,2016W50,2204,50,2016,2016-12-18,2020-12-18,2226,1926
NR,T,TOTAL,CZ,2016W49,2200,49,2016,2016-12-11,2020-12-11,2241,1986
NR,T,TOTAL,CZ,2016W48,2125,48,2016,2016-12-04,2020-12-04,2153,1903
NR,T,TOTAL,CZ,2016W47,2084,47,2016,2016-11-27,2020-11-27,2173,1865
NR,T,TOTAL,CZ,2016W46,2134,46,2016,2016-11-20,2020-11-20,2231,1911
NR,T,TOTAL,CZ,2016W45,1968,45,2016,2016-11-13,2020-11-13,2110,1881
NR,T,TOTAL,CZ,2016W44,1997,44,2016,2016-11-06,2020-11-06,2148,1862
NR,T,TOTAL,CZ,2016W43,2035,43,2016,2016-10-30,2020-10-30,2139,1945
NR,T,TOTAL,CZ,2016W42,2142,42,2016,2016-10-23,2020-10-23,2142,1924
NR,T,TOTAL,CZ,2016W41,2083,41,2016,2016-10-16,2020-10-16,2197,1988
NR,T,TOTAL,CZ,2016W40,1991,40,2016,2016-10-09,2020-10-09,2235,1920
NR,T,TOTAL,CZ,2016W39,1988,39,2016,2016-10-02,2020-10-02,2157,1874
NR,T,TOTAL,CZ,2016W38,1834,38,2016,2016-09-25,2020-09-25,2134,1834
NR,T,TOTAL,CZ,2016W37,1930,37,2016,2016-09-18,2020-09-18,2026,1877
NR,T,TOTAL,CZ,2016W36,1980,36,2016,2016-09-11,2020-09-11,2029,1849
NR,T,TOTAL,CZ,2016W35,1918,35,2016,2016-09-04,2020-09-04,2151,1715
NR,T,TOTAL,CZ,2016W34,2043,34,2016,2016-08-28,2020-08-28,2078,1813
NR,T,TOTAL,CZ,2016W33,1949,33,2016,2016-08-21,2020-08-21,2521,1757
NR,T,TOTAL,CZ,2016W32,1839,32,2016,2016-08-14,2020-08-14,2156,1758
NR,T,TOTAL,CZ,2016W31,1827,31,2016,2016-08-07,2020-08-07,2379,1712
NR,T,TOTAL,CZ,2016W30,1942,30,2016,2016-07-31,2020-07-31,2171,1770
NR,T,TOTAL,CZ,2016W29,1981,29,2016,2016-07-24,2020-07-24,2214,1753
NR,T,TOTAL,CZ,2016W28,1918,28,2016,2016-07-17,2020-07-17,2218,1833
NR,T,TOTAL,CZ,2016W27,1886,27,2016,2016-07-10,2020-07-10,2101,1777
NR,T,TOTAL,CZ,2016W26,1970,26,2016,2016-07-03,2020-07-03,2067,1790
NR,T,TOTAL,CZ,2016W25,1993,25,2016,2016-06-26,2020-06-26,2338,1761
NR,T,TOTAL,CZ,2016W24,1915,24,2016,2016-06-19,2020-06-19,2145,1861
NR,T,TOTAL,CZ,2016W23,1893,23,2016,2016-06-12,2020-06-12,2183,1836
NR,T,TOTAL,CZ,2016W22,2042,22,2016,2016-06-05,2020-06-05,2093,1830
NR,T,TOTAL,CZ,2016W21,2000,21,2016,2016-05-29,2020-05-29,2069,1892
NR,T,TOTAL,CZ,2016W20,1964,20,2016,2016-05-22,2020-05-22,2025,1876
NR,T,TOTAL,CZ,2016W19,2001,19,2016,2016-05-15,2020-05-15,2093,1904
NR,T,TOTAL,CZ,2016W18,1982,18,2016,2016-05-08,2020-05-08,2102,1897
NR,T,TOTAL,CZ,2016W17,2114,17,2016,2016-05-01,2020-05-01,2258,1957
NR,T,TOTAL,CZ,2016W16,1949,16,2016,2016-04-24,2020-04-24,2192,1949
NR,T,TOTAL,CZ,2016W15,2075,15,2016,2016-04-17,2020-04-17,2272,1948
NR,T,TOTAL,CZ,2016W14,2138,14,2016,2016-04-10,2020-04-10,2448,1953
NR,T,TOTAL,CZ,2016W13,2191,13,2016,2016-04-03,2020-04-03,2383,2027
NR,T,TOTAL,CZ,2016W12,2148,12,2016,2016-03-27,2020-03-27,2607,2045
NR,T,TOTAL,CZ,2016W11,2155,11,2016,2016-03-20,2020-03-20,2782,2020
NR,T,TOTAL,CZ,2016W10,2096,10,2016,2016-03-13,2020-03-13,2994,2032
NR,T,TOTAL,CZ,2016W09,2235,9,2016,2016-03-06,2020-03-06,2819,2011
NR,T,TOTAL,CZ,2016W08,2214,8,2016,2016-02-28,2020-02-28,2754,2083
NR,T,TOTAL,CZ,2016W07,2160,7,2016,2016-02-21,2020-02-21,2732,2054
NR,T,TOTAL,CZ,2016W06,2245,6,2016,2016-02-14,2020-02-14,2640,2024
NR,T,TOTAL,CZ,2016W05,2137,5,2016,2016-02-07,2020-02-07,2598,2091
NR,T,TOTAL,CZ,2016W04,2116,4,2016,2016-01-31,2020-01-31,2761,2011
NR,T,TOTAL,CZ,2016W03,2175,3,2016,2016-01-24,2020-01-24,2833,1997
NR,T,TOTAL,CZ,2016W02,2054,2,2016,2016-01-17,2020-01-17,2811,1978
NR,T,TOTAL,CZ,2016W01,2222,1,2016,2016-01-10,2020-01-10,2763,2099
NR,T,TOTAL,CZ,2015W53,2156,53,2015,2016-01-03,2020-01-03,2156,2125
NR,T,TOTAL,CZ,2015W52,2029,52,2015,2015-12-27,2020-12-27,2620,1967
NR,T,TOTAL,CZ,2015W51,2009,51,2015,2015-12-20,2020-12-20,2435,1951
NR,T,TOTAL,CZ,2015W50,2048,50,2015,2015-12-13,2020-12-13,2226,1926
NR,T,TOTAL,CZ,2015W49,2019,49,2015,2015-12-06,2020-12-06,2241,1986
NR,T,TOTAL,CZ,2015W48,1979,48,2015,2015-11-29,2020-11-29,2153,1903
NR,T,TOTAL,CZ,2015W47,1975,47,2015,2015-11-22,2020-11-22,2173,1865
NR,T,TOTAL,CZ,2015W46,2023,46,2015,2015-11-15,2020-11-15,2231,1911
NR,T,TOTAL,CZ,2015W45,2020,45,2015,2015-11-08,2020-11-08,2110,1881
NR,T,TOTAL,CZ,2015W44,2016,44,2015,2015-11-01,2020-11-01,2148,1862
NR,T,TOTAL,CZ,2015W43,2098,43,2015,2015-10-25,2020-10-25,2139,1945
NR,T,TOTAL,CZ,2015W42,2080,42,2015,2015-10-18,2020-10-18,2142,1924
NR,T,TOTAL,CZ,2015W41,2035,41,2015,2015-10-11,2020-10-11,2197,1988
NR,T,TOTAL,CZ,2015W40,2007,40,2015,2015-10-04,2020-10-04,2235,1920
NR,T,TOTAL,CZ,2015W39,1915,39,2015,2015-09-27,2020-09-27,2157,1874
NR,T,TOTAL,CZ,2015W38,1961,38,2015,2015-09-20,2020-09-20,2134,1834
NR,T,TOTAL,CZ,2015W37,1922,37,2015,2015-09-13,2020-09-13,2026,1877
NR,T,TOTAL,CZ,2015W36,1989,36,2015,2015-09-06,2020-09-06,2029,1849
NR,T,TOTAL,CZ,2015W35,1963,35,2015,2015-08-30,2020-08-30,2151,1715
NR,T,TOTAL,CZ,2015W34,1813,34,2015,2015-08-23,2020-08-23,2078,1813
NR,T,TOTAL,CZ,2015W33,2521,33,2015,2015-08-16,2020-08-16,2521,1757
NR,T,TOTAL,CZ,2015W32,2156,32,2015,2015-08-09,2020-08-09,2156,1758
NR,T,TOTAL,CZ,2015W31,1886,31,2015,2015-08-02,2020-08-02,2379,1712
NR,T,TOTAL,CZ,2015W30,2109,30,2015,2015-07-26,2020-07-26,2171,1770
NR,T,TOTAL,CZ,2015W29,1943,29,2015,2015-07-19,2020-07-19,2214,1753
NR,T,TOTAL,CZ,2015W28,2139,28,2015,2015-07-12,2020-07-12,2218,1833
NR,T,TOTAL,CZ,2015W27,2050,27,2015,2015-07-05,2020-07-05,2101,1777
NR,T,TOTAL,CZ,2015W26,1890,26,2015,2015-06-28,2020-06-28,2067,1790
NR,T,TOTAL,CZ,2015W25,1761,25,2015,2015-06-21,2020-06-21,2338,1761
NR,T,TOTAL,CZ,2015W24,1886,24,2015,2015-06-14,2020-06-14,2145,1861
NR,T,TOTAL,CZ,2015W23,1995,23,2015,2015-06-07,2020-06-07,2183,1836
NR,T,TOTAL,CZ,2015W22,2029,22,2015,2015-05-31,2020-05-31,2093,1830
NR,T,TOTAL,CZ,2015W21,1993,21,2015,2015-05-24,2020-05-24,2069,1892
NR,T,TOTAL,CZ,2015W20,1983,20,2015,2015-05-17,2020-05-17,2025,1876
NR,T,TOTAL,CZ,2015W19,1988,19,2015,2015-05-10,2020-05-10,2093,1904
NR,T,TOTAL,CZ,2015W18,2041,18,2015,2015-05-03,2020-05-03,2102,1897
NR,T,TOTAL,CZ,2015W17,2193,17,2015,2015-04-26,2020-04-26,2258,1957
NR,T,TOTAL,CZ,2015W16,2183,16,2015,2015-04-19,2020-04-19,2192,1949
NR,T,TOTAL,CZ,2015W15,2111,15,2015,2015-04-12,2020-04-12,2272,1948
NR,T,TOTAL,CZ,2015W14,2209,14,2015,2015-04-05,2020-04-05,2448,1953
NR,T,TOTAL,CZ,2015W13,2222,13,2015,2015-03-29,2020-03-29,2383,2027
NR,T,TOTAL,CZ,2015W12,2273,12,2015,2015-03-22,2020-03-22,2607,2045
NR,T,TOTAL,CZ,2015W11,2291,11,2015,2015-03-15,2020-03-15,2782,2020
NR,T,TOTAL,CZ,2015W10,2357,10,2015,2015-03-08,2020-03-08,2994,2032
NR,T,TOTAL,CZ,2015W09,2609,9,2015,2015-03-01,2020-03-01,2819,2011
NR,T,TOTAL,CZ,2015W08,2684,8,2015,2015-02-22,2020-02-22,2754,2083
NR,T,TOTAL,CZ,2015W07,2732,7,2015,2015-02-15,2020-02-15,2732,2054
NR,T,TOTAL,CZ,2015W06,2598,6,2015,2015-02-08,2020-02-08,2640,2024
NR,T,TOTAL,CZ,2015W05,2580,5,2015,2015-02-01,2020-02-01,2598,2091
NR,T,TOTAL,CZ,2015W04,2499,4,2015,2015-01-25,2020-01-25,2761,2011
NR,T,TOTAL,CZ,2015W03,2396,3,2015,2015-01-18,2020-01-18,2833,1997
NR,T,TOTAL,CZ,2015W02,2432,2,2015,2015-01-11,2020-01-11,2811,1978
NR,T,TOTAL,CZ,2015W01,2378,1,2015,2015-01-04,2020-01-04,2763,2099
NR,T,TOTAL,CZ,2014W52,2232,52,2014,2014-12-28,2020-12-28,2620,1967
NR,T,TOTAL,CZ,2014W51,2237,51,2014,2014-12-21,2020-12-21,2435,1951
NR,T,TOTAL,CZ,2014W50,2144,50,2014,2014-12-14,2020-12-14,2226,1926
NR,T,TOTAL,CZ,2014W49,2241,49,2014,2014-12-07,2020-12-07,2241,1986
NR,T,TOTAL,CZ,2014W48,2066,48,2014,2014-11-30,2020-11-30,2153,1903
NR,T,TOTAL,CZ,2014W47,1971,47,2014,2014-11-23,2020-11-23,2173,1865
NR,T,TOTAL,CZ,2014W46,1980,46,2014,2014-11-16,2020-11-16,2231,1911
NR,T,TOTAL,CZ,2014W45,2007,45,2014,2014-11-09,2020-11-09,2110,1881
NR,T,TOTAL,CZ,2014W44,2080,44,2014,2014-11-02,2020-11-02,2148,1862
NR,T,TOTAL,CZ,2014W43,2111,43,2014,2014-10-26,2020-10-26,2139,1945
NR,T,TOTAL,CZ,2014W42,2069,42,2014,2014-10-19,2020-10-19,2142,1924
NR,T,TOTAL,CZ,2014W41,2006,41,2014,2014-10-12,2020-10-12,2197,1988
NR,T,TOTAL,CZ,2014W40,2049,40,2014,2014-10-05,2020-10-05,2235,1920
NR,T,TOTAL,CZ,2014W39,2009,39,2014,2014-09-28,2020-09-28,2157,1874
NR,T,TOTAL,CZ,2014W38,2014,38,2014,2014-09-21,2020-09-21,2134,1834
NR,T,TOTAL,CZ,2014W37,1940,37,2014,2014-09-14,2020-09-14,2026,1877
NR,T,TOTAL,CZ,2014W36,1999,36,2014,2014-09-07,2020-09-07,2029,1849
NR,T,TOTAL,CZ,2014W35,1912,35,2014,2014-08-31,2020-08-31,2151,1715
NR,T,TOTAL,CZ,2014W34,1890,34,2014,2014-08-24,2020-08-24,2078,1813
NR,T,TOTAL,CZ,2014W33,1900,33,2014,2014-08-17,2020-08-17,2521,1757
NR,T,TOTAL,CZ,2014W32,1873,32,2014,2014-08-10,2020-08-10,2156,1758
NR,T,TOTAL,CZ,2014W31,1958,31,2014,2014-08-03,2020-08-03,2379,1712
NR,T,TOTAL,CZ,2014W30,2085,30,2014,2014-07-27,2020-07-27,2171,1770
NR,T,TOTAL,CZ,2014W29,2029,29,2014,2014-07-20,2020-07-20,2214,1753
NR,T,TOTAL,CZ,2014W28,1905,28,2014,2014-07-13,2020-07-13,2218,1833
NR,T,TOTAL,CZ,2014W27,1939,27,2014,2014-07-06,2020-07-06,2101,1777
NR,T,TOTAL,CZ,2014W26,1903,26,2014,2014-06-29,2020-06-29,2067,1790
NR,T,TOTAL,CZ,2014W25,1796,25,2014,2014-06-22,2020-06-22,2338,1761
NR,T,TOTAL,CZ,2014W24,2089,24,2014,2014-06-15,2020-06-15,2145,1861
NR,T,TOTAL,CZ,2014W23,1927,23,2014,2014-06-08,2020-06-08,2183,1836
NR,T,TOTAL,CZ,2014W22,1886,22,2014,2014-06-01,2020-06-01,2093,1830
NR,T,TOTAL,CZ,2014W21,2069,21,2014,2014-05-25,2020-05-25,2069,1892
NR,T,TOTAL,CZ,2014W20,1903,20,2014,2014-05-18,2020-05-18,2025,1876
NR,T,TOTAL,CZ,2014W19,1906,19,2014,2014-05-11,2020-05-11,2093,1904
NR,T,TOTAL,CZ,2014W18,1984,18,2014,2014-05-04,2020-05-04,2102,1897
NR,T,TOTAL,CZ,2014W17,2039,17,2014,2014-04-27,2020-04-27,2258,1957
NR,T,TOTAL,CZ,2014W16,2027,16,2014,2014-04-20,2020-04-20,2192,1949
NR,T,TOTAL,CZ,2014W15,1970,15,2014,2014-04-13,2020-04-13,2272,1948
NR,T,TOTAL,CZ,2014W14,2023,14,2014,2014-04-06,2020-04-06,2448,1953
NR,T,TOTAL,CZ,2014W13,2122,13,2014,2014-03-30,2020-03-30,2383,2027
NR,T,TOTAL,CZ,2014W12,2194,12,2014,2014-03-23,2020-03-23,2607,2045
NR,T,TOTAL,CZ,2014W11,2088,11,2014,2014-03-16,2020-03-16,2782,2020
NR,T,TOTAL,CZ,2014W10,2032,10,2014,2014-03-09,2020-03-09,2994,2032
NR,T,TOTAL,CZ,2014W09,2011,9,2014,2014-03-02,2020-03-02,2819,2011
NR,T,TOTAL,CZ,2014W08,2109,8,2014,2014-02-23,2020-02-23,2754,2083
NR,T,TOTAL,CZ,2014W07,2066,7,2014,2014-02-16,2020-02-16,2732,2054
NR,T,TOTAL,CZ,2014W06,2093,6,2014,2014-02-09,2020-02-09,2640,2024
NR,T,TOTAL,CZ,2014W05,2118,5,2014,2014-02-02,2020-02-02,2598,2091
NR,T,TOTAL,CZ,2014W04,2117,4,2014,2014-01-26,2020-01-26,2761,2011
NR,T,TOTAL,CZ,2014W03,1997,3,2014,2014-01-19,2020-01-19,2833,1997
NR,T,TOTAL,CZ,2014W02,1978,2,2014,2014-01-12,2020-01-12,2811,1978
NR,T,TOTAL,CZ,2014W01,2099,1,2014,2014-01-05,2020-01-05,2763,2099
NR,T,TOTAL,CZ,2013W52,2121,52,2013,2013-12-29,2020-12-29,2620,1967
NR,T,TOTAL,CZ,2013W51,2085,51,2013,2013-12-22,2020-12-22,2435,1951
NR,T,TOTAL,CZ,2013W50,2050,50,2013,2013-12-15,2020-12-15,2226,1926
NR,T,TOTAL,CZ,2013W49,2049,49,2013,2013-12-08,2020-12-08,2241,1986
NR,T,TOTAL,CZ,2013W48,2074,48,2013,2013-12-01,2020-12-01,2153,1903
NR,T,TOTAL,CZ,2013W47,1965,47,2013,2013-11-24,2020-11-24,2173,1865
NR,T,TOTAL,CZ,2013W46,1911,46,2013,2013-11-17,2020-11-17,2231,1911
NR,T,TOTAL,CZ,2013W45,1997,45,2013,2013-11-10,2020-11-10,2110,1881
NR,T,TOTAL,CZ,2013W44,1862,44,2013,2013-11-03,2020-11-03,2148,1862
NR,T,TOTAL,CZ,2013W43,1996,43,2013,2013-10-27,2020-10-27,2139,1945
NR,T,TOTAL,CZ,2013W42,1967,42,2013,2013-10-20,2020-10-20,2142,1924
NR,T,TOTAL,CZ,2013W41,2035,41,2013,2013-10-13,2020-10-13,2197,1988
NR,T,TOTAL,CZ,2013W40,2065,40,2013,2013-10-06,2020-10-06,2235,1920
NR,T,TOTAL,CZ,2013W39,1970,39,2013,2013-09-29,2020-09-29,2157,1874
NR,T,TOTAL,CZ,2013W38,1989,38,2013,2013-09-22,2020-09-22,2134,1834
NR,T,TOTAL,CZ,2013W37,1877,37,2013,2013-09-15,2020-09-15,2026,1877
NR,T,TOTAL,CZ,2013W36,1856,36,2013,2013-09-08,2020-09-08,2029,1849
NR,T,TOTAL,CZ,2013W35,1855,35,2013,2013-09-01,2020-09-01,2151,1715
NR,T,TOTAL,CZ,2013W34,1860,34,2013,2013-08-25,2020-08-25,2078,1813
NR,T,TOTAL,CZ,2013W33,1757,33,2013,2013-08-18,2020-08-18,2521,1757
NR,T,TOTAL,CZ,2013W32,2022,32,2013,2013-08-11,2020-08-11,2156,1758
NR,T,TOTAL,CZ,2013W31,2052,31,2013,2013-08-04,2020-08-04,2379,1712
NR,T,TOTAL,CZ,2013W30,2141,30,2013,2013-07-28,2020-07-28,2171,1770
NR,T,TOTAL,CZ,2013W29,1943,29,2013,2013-07-21,2020-07-21,2214,1753
NR,T,TOTAL,CZ,2013W28,1953,28,2013,2013-07-14,2020-07-14,2218,1833
NR,T,TOTAL,CZ,2013W27,1999,27,2013,2013-07-07,2020-07-07,2101,1777
NR,T,TOTAL,CZ,2013W26,1856,26,2013,2013-06-30,2020-06-30,2067,1790
NR,T,TOTAL,CZ,2013W25,2338,25,2013,2013-06-23,2020-06-23,2338,1761
NR,T,TOTAL,CZ,2013W24,1908,24,2013,2013-06-16,2020-06-16,2145,1861
NR,T,TOTAL,CZ,2013W23,1949,23,2013,2013-06-09,2020-06-09,2183,1836
NR,T,TOTAL,CZ,2013W22,2005,22,2013,2013-06-02,2020-06-02,2093,1830
NR,T,TOTAL,CZ,2013W21,1975,21,2013,2013-05-26,2020-05-26,2069,1892
NR,T,TOTAL,CZ,2013W20,1948,20,2013,2013-05-19,2020-05-19,2025,1876
NR,T,TOTAL,CZ,2013W19,1950,19,2013,2013-05-12,2020-05-12,2093,1904
NR,T,TOTAL,CZ,2013W18,1969,18,2013,2013-05-05,2020-05-05,2102,1897
NR,T,TOTAL,CZ,2013W17,2083,17,2013,2013-04-28,2020-04-28,2258,1957
NR,T,TOTAL,CZ,2013W16,2192,16,2013,2013-04-21,2020-04-21,2192,1949
NR,T,TOTAL,CZ,2013W15,2272,15,2013,2013-04-14,2020-04-14,2272,1948
NR,T,TOTAL,CZ,2013W14,2448,14,2013,2013-04-07,2020-04-07,2448,1953
NR,T,TOTAL,CZ,2013W13,2324,13,2013,2013-03-31,2020-03-31,2383,2027
NR,T,TOTAL,CZ,2013W12,2351,12,2013,2013-03-24,2020-03-24,2607,2045
NR,T,TOTAL,CZ,2013W11,2325,11,2013,2013-03-17,2020-03-17,2782,2020
NR,T,TOTAL,CZ,2013W10,2318,10,2013,2013-03-10,2020-03-10,2994,2032
NR,T,TOTAL,CZ,2013W09,2303,9,2013,2013-03-03,2020-03-03,2819,2011
NR,T,TOTAL,CZ,2013W08,2365,8,2013,2013-02-24,2020-02-24,2754,2083
NR,T,TOTAL,CZ,2013W07,2385,7,2013,2013-02-17,2020-02-17,2732,2054
NR,T,TOTAL,CZ,2013W06,2490,6,2013,2013-02-10,2020-02-10,2640,2024
NR,T,TOTAL,CZ,2013W05,2459,5,2013,2013-02-03,2020-02-03,2598,2091
NR,T,TOTAL,CZ,2013W04,2358,4,2013,2013-01-27,2020-01-27,2761,2011
NR,T,TOTAL,CZ,2013W03,2339,3,2013,2013-01-20,2020-01-20,2833,1997
NR,T,TOTAL,CZ,2013W02,2233,2,2013,2013-01-13,2020-01-13,2811,1978
NR,T,TOTAL,CZ,2013W01,2313,1,2013,2013-01-06,2020-01-06,2763,2099
NR,T,TOTAL,CZ,2012W52,2228,52,2012,2012-12-30,2020-12-30,2620,1967
NR,T,TOTAL,CZ,2012W51,2148,51,2012,2012-12-23,2020-12-23,2435,1951
NR,T,TOTAL,CZ,2012W50,2141,50,2012,2012-12-16,2020-12-16,2226,1926
NR,T,TOTAL,CZ,2012W49,2052,49,2012,2012-12-09,2020-12-09,2241,1986
NR,T,TOTAL,CZ,2012W48,2153,48,2012,2012-12-02,2020-12-02,2153,1903
NR,T,TOTAL,CZ,2012W47,1984,47,2012,2012-11-25,2020-11-25,2173,1865
NR,T,TOTAL,CZ,2012W46,1977,46,2012,2012-11-18,2020-11-18,2231,1911
NR,T,TOTAL,CZ,2012W45,1928,45,2012,2012-11-11,2020-11-11,2110,1881
NR,T,TOTAL,CZ,2012W44,2028,44,2012,2012-11-04,2020-11-04,2148,1862
NR,T,TOTAL,CZ,2012W43,2072,43,2012,2012-10-28,2020-10-28,2139,1945
NR,T,TOTAL,CZ,2012W42,2015,42,2012,2012-10-21,2020-10-21,2142,1924
NR,T,TOTAL,CZ,2012W41,1990,41,2012,2012-10-14,2020-10-14,2197,1988
NR,T,TOTAL,CZ,2012W40,1939,40,2012,2012-10-07,2020-10-07,2235,1920
NR,T,TOTAL,CZ,2012W39,2024,39,2012,2012-09-30,2020-09-30,2157,1874
NR,T,TOTAL,CZ,2012W38,1862,38,2012,2012-09-23,2020-09-23,2134,1834
NR,T,TOTAL,CZ,2012W37,1933,37,2012,2012-09-16,2020-09-16,2026,1877
NR,T,TOTAL,CZ,2012W36,1899,36,2012,2012-09-09,2020-09-09,2029,1849
NR,T,TOTAL,CZ,2012W35,1817,35,2012,2012-09-02,2020-09-02,2151,1715
NR,T,TOTAL,CZ,2012W34,2024,34,2012,2012-08-26,2020-08-26,2078,1813
NR,T,TOTAL,CZ,2012W33,1834,33,2012,2012-08-19,2020-08-19,2521,1757
NR,T,TOTAL,CZ,2012W32,1921,32,2012,2012-08-12,2020-08-12,2156,1758
NR,T,TOTAL,CZ,2012W31,2015,31,2012,2012-08-05,2020-08-05,2379,1712
NR,T,TOTAL,CZ,2012W30,2033,30,2012,2012-07-29,2020-07-29,2171,1770
NR,T,TOTAL,CZ,2012W29,1860,29,2012,2012-07-22,2020-07-22,2214,1753
NR,T,TOTAL,CZ,2012W28,1900,28,2012,2012-07-15,2020-07-15,2218,1833
NR,T,TOTAL,CZ,2012W27,2101,27,2012,2012-07-08,2020-07-08,2101,1777
NR,T,TOTAL,CZ,2012W26,2020,26,2012,2012-07-01,2020-07-01,2067,1790
NR,T,TOTAL,CZ,2012W25,2023,25,2012,2012-06-24,2020-06-24,2338,1761
NR,T,TOTAL,CZ,2012W24,1971,24,2012,2012-06-17,2020-06-17,2145,1861
NR,T,TOTAL,CZ,2012W23,1917,23,2012,2012-06-10,2020-06-10,2183,1836
NR,T,TOTAL,CZ,2012W22,2004,22,2012,2012-06-03,2020-06-03,2093,1830
NR,T,TOTAL,CZ,2012W21,2035,21,2012,2012-05-27,2020-05-27,2069,1892
NR,T,TOTAL,CZ,2012W20,1971,20,2012,2012-05-20,2020-05-20,2025,1876
NR,T,TOTAL,CZ,2012W19,1933,19,2012,2012-05-13,2020-05-13,2093,1904
NR,T,TOTAL,CZ,2012W18,2102,18,2012,2012-05-06,2020-05-06,2102,1897
NR,T,TOTAL,CZ,2012W17,2258,17,2012,2012-04-29,2020-04-29,2258,1957
NR,T,TOTAL,CZ,2012W16,2144,16,2012,2012-04-22,2020-04-22,2192,1949
NR,T,TOTAL,CZ,2012W15,2268,15,2012,2012-04-15,2020-04-15,2272,1948
NR,T,TOTAL,CZ,2012W14,2089,14,2012,2012-04-08,2020-04-08,2448,1953
NR,T,TOTAL,CZ,2012W13,2286,13,2012,2012-04-01,2020-04-01,2383,2027
NR,T,TOTAL,CZ,2012W12,2216,12,2012,2012-03-25,2020-03-25,2607,2045
NR,T,TOTAL,CZ,2012W11,2194,11,2012,2012-03-18,2020-03-18,2782,2020
NR,T,TOTAL,CZ,2012W10,2233,10,2012,2012-03-11,2020-03-11,2994,2032
NR,T,TOTAL,CZ,2012W09,2243,9,2012,2012-03-04,2020-03-04,2819,2011
NR,T,TOTAL,CZ,2012W08,2274,8,2012,2012-02-26,2020-02-26,2754,2083
NR,T,TOTAL,CZ,2012W07,2321,7,2012,2012-02-19,2020-02-19,2732,2054
NR,T,TOTAL,CZ,2012W06,2281,6,2012,2012-02-12,2020-02-12,2640,2024
NR,T,TOTAL,CZ,2012W05,2201,5,2012,2012-02-05,2020-02-05,2598,2091
NR,T,TOTAL,CZ,2012W04,2115,4,2012,2012-01-29,2020-01-29,2761,2011
NR,T,TOTAL,CZ,2012W03,2103,3,2012,2012-01-22,2020-01-22,2833,1997
NR,T,TOTAL,CZ,2012W02,2188,2,2012,2012-01-15,2020-01-15,2811,1978
NR,T,TOTAL,CZ,2012W01,2262,1,2012,2012-01-08,2020-01-08,2763,2099
NR,T,TOTAL,CZ,2011W52,2245,52,2011,2012-01-01,2020-01-01,2620,1967
NR,T,TOTAL,CZ,2011W51,2235,51,2011,2011-12-25,2020-12-25,2435,1951
NR,T,TOTAL,CZ,2011W50,2087,50,2011,2011-12-18,2020-12-18,2226,1926
NR,T,TOTAL,CZ,2011W49,2154,49,2011,2011-12-11,2020-12-11,2241,1986
NR,T,TOTAL,CZ,2011W48,2116,48,2011,2011-12-04,2020-12-04,2153,1903
NR,T,TOTAL,CZ,2011W47,2041,47,2011,2011-11-27,2020-11-27,2173,1865
NR,T,TOTAL,CZ,2011W46,2035,46,2011,2011-11-20,2020-11-20,2231,1911
NR,T,TOTAL,CZ,2011W45,2021,45,2011,2011-11-13,2020-11-13,2110,1881
NR,T,TOTAL,CZ,2011W44,2087,44,2011,2011-11-06,2020-11-06,2148,1862
NR,T,TOTAL,CZ,2011W43,2048,43,2011,2011-10-30,2020-10-30,2139,1945
NR,T,TOTAL,CZ,2011W42,2122,42,2011,2011-10-23,2020-10-23,2142,1924
NR,T,TOTAL,CZ,2011W41,2116,41,2011,2011-10-16,2020-10-16,2197,1988
NR,T,TOTAL,CZ,2011W40,1974,40,2011,2011-10-09,2020-10-09,2235,1920
NR,T,TOTAL,CZ,2011W39,1931,39,2011,2011-10-02,2020-10-02,2157,1874
NR,T,TOTAL,CZ,2011W38,1908,38,2011,2011-09-25,2020-09-25,2134,1834
NR,T,TOTAL,CZ,2011W37,1938,37,2011,2011-09-18,2020-09-18,2026,1877
NR,T,TOTAL,CZ,2011W36,1905,36,2011,2011-09-11,2020-09-11,2029,1849
NR,T,TOTAL,CZ,2011W35,1819,35,2011,2011-09-04,2020-09-04,2151,1715
NR,T,TOTAL,CZ,2011W34,2078,34,2011,2011-08-28,2020-08-28,2078,1813
NR,T,TOTAL,CZ,2011W33,1933,33,2011,2011-08-21,2020-08-21,2521,1757
NR,T,TOTAL,CZ,2011W32,1838,32,2011,2011-08-14,2020-08-14,2156,1758
NR,T,TOTAL,CZ,2011W31,2021,31,2011,2011-08-07,2020-08-07,2379,1712
NR,T,TOTAL,CZ,2011W30,1891,30,2011,2011-07-31,2020-07-31,2171,1770
NR,T,TOTAL,CZ,2011W29,1859,29,2011,2011-07-24,2020-07-24,2214,1753
NR,T,TOTAL,CZ,2011W28,2033,28,2011,2011-07-17,2020-07-17,2218,1833
NR,T,TOTAL,CZ,2011W27,1948,27,2011,2011-07-10,2020-07-10,2101,1777
NR,T,TOTAL,CZ,2011W26,1936,26,2011,2011-07-03,2020-07-03,2067,1790
NR,T,TOTAL,CZ,2011W25,1868,25,2011,2011-06-26,2020-06-26,2338,1761
NR,T,TOTAL,CZ,2011W24,1878,24,2011,2011-06-19,2020-06-19,2145,1861
NR,T,TOTAL,CZ,2011W23,1931,23,2011,2011-06-12,2020-06-12,2183,1836
NR,T,TOTAL,CZ,2011W22,1920,22,2011,2011-06-05,2020-06-05,2093,1830
NR,T,TOTAL,CZ,2011W21,1892,21,2011,2011-05-29,2020-05-29,2069,1892
NR,T,TOTAL,CZ,2011W20,1957,20,2011,2011-05-22,2020-05-22,2025,1876
NR,T,TOTAL,CZ,2011W19,2009,19,2011,2011-05-15,2020-05-15,2093,1904
NR,T,TOTAL,CZ,2011W18,1947,18,2011,2011-05-08,2020-05-08,2102,1897
NR,T,TOTAL,CZ,2011W17,1957,17,2011,2011-05-01,2020-05-01,2258,1957
NR,T,TOTAL,CZ,2011W16,2150,16,2011,2011-04-24,2020-04-24,2192,1949
NR,T,TOTAL,CZ,2011W15,2024,15,2011,2011-04-17,2020-04-17,2272,1948
NR,T,TOTAL,CZ,2011W14,2060,14,2011,2011-04-10,2020-04-10,2448,1953
NR,T,TOTAL,CZ,2011W13,2096,13,2011,2011-04-03,2020-04-03,2383,2027
NR,T,TOTAL,CZ,2011W12,2080,12,2011,2011-03-27,2020-03-27,2607,2045
NR,T,TOTAL,CZ,2011W11,2286,11,2011,2011-03-20,2020-03-20,2782,2020
NR,T,TOTAL,CZ,2011W10,2212,10,2011,2011-03-13,2020-03-13,2994,2032
NR,T,TOTAL,CZ,2011W09,2255,9,2011,2011-03-06,2020-03-06,2819,2011
NR,T,TOTAL,CZ,2011W08,2298,8,2011,2011-02-27,2020-02-27,2754,2083
NR,T,TOTAL,CZ,2011W07,2252,7,2011,2011-02-20,2020-02-20,2732,2054
NR,T,TOTAL,CZ,2011W06,2275,6,2011,2011-02-13,2020-02-13,2640,2024
NR,T,TOTAL,CZ,2011W05,2274,5,2011,2011-02-06,2020-02-06,2598,2091
NR,T,TOTAL,CZ,2011W04,2087,4,2011,2011-01-30,2020-01-30,2761,2011
NR,T,TOTAL,CZ,2011W03,2139,3,2011,2011-01-23,2020-01-23,2833,1997
NR,T,TOTAL,CZ,2011W02,2117,2,2011,2011-01-16,2020-01-16,2811,1978
NR,T,TOTAL,CZ,2011W01,2249,1,2011,2011-01-09,2020-01-09,2763,2099
NR,T,TOTAL,CZ,2010W52,2192,52,2010,2011-01-02,2020-01-02,2620,1967
NR,T,TOTAL,CZ,2010W51,2189,51,2010,2010-12-26,2020-12-26,2435,1951
NR,T,TOTAL,CZ,2010W50,2123,50,2010,2010-12-19,2020-12-19,2226,1926
NR,T,TOTAL,CZ,2010W49,2101,49,2010,2010-12-12,2020-12-12,2241,1986
NR,T,TOTAL,CZ,2010W48,2086,48,2010,2010-12-05,2020-12-05,2153,1903
NR,T,TOTAL,CZ,2010W47,1995,47,2010,2010-11-28,2020-11-28,2173,1865
NR,T,TOTAL,CZ,2010W46,1982,46,2010,2010-11-21,2020-11-21,2231,1911
NR,T,TOTAL,CZ,2010W45,1988,45,2010,2010-11-14,2020-11-14,2110,1881
NR,T,TOTAL,CZ,2010W44,2142,44,2010,2010-11-07,2020-11-07,2148,1862
NR,T,TOTAL,CZ,2010W43,2035,43,2010,2010-10-31,2020-10-31,2139,1945
NR,T,TOTAL,CZ,2010W42,2087,42,2010,2010-10-24,2020-10-24,2142,1924
NR,T,TOTAL,CZ,2010W41,2071,41,2010,2010-10-17,2020-10-17,2197,1988
NR,T,TOTAL,CZ,2010W40,2115,40,2010,2010-10-10,2020-10-10,2235,1920
NR,T,TOTAL,CZ,2010W39,1996,39,2010,2010-10-03,2020-10-03,2157,1874
NR,T,TOTAL,CZ,2010W38,2134,38,2010,2010-09-26,2020-09-26,2134,1834
NR,T,TOTAL,CZ,2010W37,2010,37,2010,2010-09-19,2020-09-19,2026,1877
NR,T,TOTAL,CZ,2010W36,1986,36,2010,2010-09-12,2020-09-12,2029,1849
NR,T,TOTAL,CZ,2010W35,1808,35,2010,2010-09-05,2020-09-05,2151,1715
NR,T,TOTAL,CZ,2010W34,1921,34,2010,2010-08-29,2020-08-29,2078,1813
NR,T,TOTAL,CZ,2010W33,1944,33,2010,2010-08-22,2020-08-22,2521,1757
NR,T,TOTAL,CZ,2010W32,1989,32,2010,2010-08-15,2020-08-15,2156,1758
NR,T,TOTAL,CZ,2010W31,1879,31,2010,2010-08-08,2020-08-08,2379,1712
NR,T,TOTAL,CZ,2010W30,1813,30,2010,2010-08-01,2020-08-01,2171,1770
NR,T,TOTAL,CZ,2010W29,1958,29,2010,2010-07-25,2020-07-25,2214,1753
NR,T,TOTAL,CZ,2010W28,2218,28,2010,2010-07-18,2020-07-18,2218,1833
NR,T,TOTAL,CZ,2010W27,1969,27,2010,2010-07-11,2020-07-11,2101,1777
NR,T,TOTAL,CZ,2010W26,2066,26,2010,2010-07-04,2020-07-04,2067,1790
NR,T,TOTAL,CZ,2010W25,1914,25,2010,2010-06-27,2020-06-27,2338,1761
NR,T,TOTAL,CZ,2010W24,1900,24,2010,2010-06-20,2020-06-20,2145,1861
NR,T,TOTAL,CZ,2010W23,2183,23,2010,2010-06-13,2020-06-13,2183,1836
NR,T,TOTAL,CZ,2010W22,1928,22,2010,2010-06-06,2020-06-06,2093,1830
NR,T,TOTAL,CZ,2010W21,1964,21,2010,2010-05-30,2020-05-30,2069,1892
NR,T,TOTAL,CZ,2010W20,2025,20,2010,2010-05-23,2020-05-23,2025,1876
NR,T,TOTAL,CZ,2010W19,1904,19,2010,2010-05-16,2020-05-16,2093,1904
NR,T,TOTAL,CZ,2010W18,1897,18,2010,2010-05-09,2020-05-09,2102,1897
NR,T,TOTAL,CZ,2010W17,2084,17,2010,2010-05-02,2020-05-02,2258,1957
NR,T,TOTAL,CZ,2010W16,2095,16,2010,2010-04-25,2020-04-25,2192,1949
NR,T,TOTAL,CZ,2010W15,1948,15,2010,2010-04-18,2020-04-18,2272,1948
NR,T,TOTAL,CZ,2010W14,2022,14,2010,2010-04-11,2020-04-11,2448,1953
NR,T,TOTAL,CZ,2010W13,2040,13,2010,2010-04-04,2020-04-04,2383,2027
NR,T,TOTAL,CZ,2010W12,2101,12,2010,2010-03-28,2020-03-28,2607,2045
NR,T,TOTAL,CZ,2010W11,2141,11,2010,2010-03-21,2020-03-21,2782,2020
NR,T,TOTAL,CZ,2010W10,2190,10,2010,2010-03-14,2020-03-14,2994,2032
NR,T,TOTAL,CZ,2010W09,2136,9,2010,2010-03-07,2020-03-07,2819,2011
NR,T,TOTAL,CZ,2010W08,2161,8,2010,2010-02-28,2020-02-28,2754,2083
NR,T,TOTAL,CZ,2010W07,2193,7,2010,2010-02-21,2020-02-21,2732,2054
NR,T,TOTAL,CZ,2010W06,2253,6,2010,2010-02-14,2020-02-14,2640,2024
NR,T,TOTAL,CZ,2010W05,2167,5,2010,2010-02-07,2020-02-07,2598,2091
NR,T,TOTAL,CZ,2010W04,2105,4,2010,2010-01-31,2020-01-31,2761,2011
NR,T,TOTAL,CZ,2010W03,2200,3,2010,2010-01-24,2020-01-24,2833,1997
NR,T,TOTAL,CZ,2010W02,2095,2,2010,2010-01-17,2020-01-17,2811,1978
NR,T,TOTAL,CZ,2010W01,2155,1,2010,2010-01-10,2020-01-10,2763,2099
NR,T,TOTAL,CZ,2009W53,2125,53,2009,2010-01-03,2020-01-03,2156,2125
NR,T,TOTAL,CZ,2009W52,2299,52,2009,2009-12-27,2020-12-27,2620,1967
NR,T,TOTAL,CZ,2009W51,2189,51,2009,2009-12-20,2020-12-20,2435,1951
NR,T,TOTAL,CZ,2009W50,2168,50,2009,2009-12-13,2020-12-13,2226,1926
NR,T,TOTAL,CZ,2009W49,2096,49,2009,2009-12-06,2020-12-06,2241,1986
NR,T,TOTAL,CZ,2009W48,2050,48,2009,2009-11-29,2020-11-29,2153,1903
NR,T,TOTAL,CZ,2009W47,1995,47,2009,2009-11-22,2020-11-22,2173,1865
NR,T,TOTAL,CZ,2009W46,2127,46,2009,2009-11-15,2020-11-15,2231,1911
NR,T,TOTAL,CZ,2009W45,2046,45,2009,2009-11-08,2020-11-08,2110,1881
NR,T,TOTAL,CZ,2009W44,2007,44,2009,2009-11-01,2020-11-01,2148,1862
NR,T,TOTAL,CZ,2009W43,2111,43,2009,2009-10-25,2020-10-25,2139,1945
NR,T,TOTAL,CZ,2009W42,2072,42,2009,2009-10-18,2020-10-18,2142,1924
NR,T,TOTAL,CZ,2009W41,2001,41,2009,2009-10-11,2020-10-11,2197,1988
NR,T,TOTAL,CZ,2009W40,1933,40,2009,2009-10-04,2020-10-04,2235,1920
NR,T,TOTAL,CZ,2009W39,1978,39,2009,2009-09-27,2020-09-27,2157,1874
NR,T,TOTAL,CZ,2009W38,1968,38,2009,2009-09-20,2020-09-20,2134,1834
NR,T,TOTAL,CZ,2009W37,1893,37,2009,2009-09-13,2020-09-13,2026,1877
NR,T,TOTAL,CZ,2009W36,1849,36,2009,2009-09-06,2020-09-06,2029,1849
NR,T,TOTAL,CZ,2009W35,1853,35,2009,2009-08-30,2020-08-30,2151,1715
NR,T,TOTAL,CZ,2009W34,2015,34,2009,2009-08-23,2020-08-23,2078,1813
NR,T,TOTAL,CZ,2009W33,1799,33,2009,2009-08-16,2020-08-16,2521,1757
NR,T,TOTAL,CZ,2009W32,1875,32,2009,2009-08-09,2020-08-09,2156,1758
NR,T,TOTAL,CZ,2009W31,1910,31,2009,2009-08-02,2020-08-02,2379,1712
NR,T,TOTAL,CZ,2009W30,1869,30,2009,2009-07-26,2020-07-26,2171,1770
NR,T,TOTAL,CZ,2009W29,1919,29,2009,2009-07-19,2020-07-19,2214,1753
NR,T,TOTAL,CZ,2009W28,1838,28,2009,2009-07-12,2020-07-12,2218,1833
NR,T,TOTAL,CZ,2009W27,1974,27,2009,2009-07-05,2020-07-05,2101,1777
NR,T,TOTAL,CZ,2009W26,1955,26,2009,2009-06-28,2020-06-28,2067,1790
NR,T,TOTAL,CZ,2009W25,1967,25,2009,2009-06-21,2020-06-21,2338,1761
NR,T,TOTAL,CZ,2009W24,1925,24,2009,2009-06-14,2020-06-14,2145,1861
NR,T,TOTAL,CZ,2009W23,1917,23,2009,2009-06-07,2020-06-07,2183,1836
NR,T,TOTAL,CZ,2009W22,1945,22,2009,2009-05-31,2020-05-31,2093,1830
NR,T,TOTAL,CZ,2009W21,1954,21,2009,2009-05-24,2020-05-24,2069,1892
NR,T,TOTAL,CZ,2009W20,1876,20,2009,2009-05-17,2020-05-17,2025,1876
NR,T,TOTAL,CZ,2009W19,1942,19,2009,2009-05-10,2020-05-10,2093,1904
NR,T,TOTAL,CZ,2009W18,1973,18,2009,2009-05-03,2020-05-03,2102,1897
NR,T,TOTAL,CZ,2009W17,1961,17,2009,2009-04-26,2020-04-26,2258,1957
NR,T,TOTAL,CZ,2009W16,1951,16,2009,2009-04-19,2020-04-19,2192,1949
NR,T,TOTAL,CZ,2009W15,2058,15,2009,2009-04-12,2020-04-12,2272,1948
NR,T,TOTAL,CZ,2009W14,2104,14,2009,2009-04-05,2020-04-05,2448,1953
NR,T,TOTAL,CZ,2009W13,2116,13,2009,2009-03-29,2020-03-29,2383,2027
NR,T,TOTAL,CZ,2009W12,2158,12,2009,2009-03-22,2020-03-22,2607,2045
NR,T,TOTAL,CZ,2009W11,2201,11,2009,2009-03-15,2020-03-15,2782,2020
NR,T,TOTAL,CZ,2009W10,2351,10,2009,2009-03-08,2020-03-08,2994,2032
NR,T,TOTAL,CZ,2009W09,2365,9,2009,2009-03-01,2020-03-01,2819,2011
NR,T,TOTAL,CZ,2009W08,2370,8,2009,2009-02-22,2020-02-22,2754,2083
NR,T,TOTAL,CZ,2009W07,2411,7,2009,2009-02-15,2020-02-15,2732,2054
NR,T,TOTAL,CZ,2009W06,2438,6,2009,2009-02-08,2020-02-08,2640,2024
NR,T,TOTAL,CZ,2009W05,2313,5,2009,2009-02-01,2020-02-01,2598,2091
NR,T,TOTAL,CZ,2009W04,2336,4,2009,2009-01-25,2020-01-25,2761,2011
NR,T,TOTAL,CZ,2009W03,2254,3,2009,2009-01-18,2020-01-18,2833,1997
NR,T,TOTAL,CZ,2009W02,2258,2,2009,2009-01-11,2020-01-11,2811,1978
NR,T,TOTAL,CZ,2009W01,2107,1,2009,2009-01-04,2020-01-04,2763,2099
NR,T,TOTAL,CZ,2008W52,1967,52,2008,2008-12-28,2020-12-28,2620,1967
NR,T,TOTAL,CZ,2008W51,2166,51,2008,2008-12-21,2020-12-21,2435,1951
NR,T,TOTAL,CZ,2008W50,2057,50,2008,2008-12-14,2020-12-14,2226,1926
NR,T,TOTAL,CZ,2008W49,2070,49,2008,2008-12-07,2020-12-07,2241,1986
NR,T,TOTAL,CZ,2008W48,2077,48,2008,2008-11-30,2020-11-30,2153,1903
NR,T,TOTAL,CZ,2008W47,1981,47,2008,2008-11-23,2020-11-23,2173,1865
NR,T,TOTAL,CZ,2008W46,1935,46,2008,2008-11-16,2020-11-16,2231,1911
NR,T,TOTAL,CZ,2008W45,1937,45,2008,2008-11-09,2020-11-09,2110,1881
NR,T,TOTAL,CZ,2008W44,1969,44,2008,2008-11-02,2020-11-02,2148,1862
NR,T,TOTAL,CZ,2008W43,1945,43,2008,2008-10-26,2020-10-26,2139,1945
NR,T,TOTAL,CZ,2008W42,1924,42,2008,2008-10-19,2020-10-19,2142,1924
NR,T,TOTAL,CZ,2008W41,1994,41,2008,2008-10-12,2020-10-12,2197,1988
NR,T,TOTAL,CZ,2008W40,1994,40,2008,2008-10-05,2020-10-05,2235,1920
NR,T,TOTAL,CZ,2008W39,1893,39,2008,2008-09-28,2020-09-28,2157,1874
NR,T,TOTAL,CZ,2008W38,1858,38,2008,2008-09-21,2020-09-21,2134,1834
NR,T,TOTAL,CZ,2008W37,1881,37,2008,2008-09-14,2020-09-14,2026,1877
NR,T,TOTAL,CZ,2008W36,1968,36,2008,2008-09-07,2020-09-07,2029,1849
NR,T,TOTAL,CZ,2008W35,1872,35,2008,2008-08-31,2020-08-31,2151,1715
NR,T,TOTAL,CZ,2008W34,1873,34,2008,2008-08-24,2020-08-24,2078,1813
NR,T,TOTAL,CZ,2008W33,1858,33,2008,2008-08-17,2020-08-17,2521,1757
NR,T,TOTAL,CZ,2008W32,1870,32,2008,2008-08-10,2020-08-10,2156,1758
NR,T,TOTAL,CZ,2008W31,2081,31,2008,2008-08-03,2020-08-03,2379,1712
NR,T,TOTAL,CZ,2008W30,1971,30,2008,2008-07-27,2020-07-27,2171,1770
NR,T,TOTAL,CZ,2008W29,1753,29,2008,2008-07-20,2020-07-20,2214,1753
NR,T,TOTAL,CZ,2008W28,1833,28,2008,2008-07-13,2020-07-13,2218,1833
NR,T,TOTAL,CZ,2008W27,2010,27,2008,2008-07-06,2020-07-06,2101,1777
NR,T,TOTAL,CZ,2008W26,2024,26,2008,2008-06-29,2020-06-29,2067,1790
NR,T,TOTAL,CZ,2008W25,2010,25,2008,2008-06-22,2020-06-22,2338,1761
NR,T,TOTAL,CZ,2008W24,1861,24,2008,2008-06-15,2020-06-15,2145,1861
NR,T,TOTAL,CZ,2008W23,1910,23,2008,2008-06-08,2020-06-08,2183,1836
NR,T,TOTAL,CZ,2008W22,1989,22,2008,2008-06-01,2020-06-01,2093,1830
NR,T,TOTAL,CZ,2008W21,1929,21,2008,2008-05-25,2020-05-25,2069,1892
NR,T,TOTAL,CZ,2008W20,2012,20,2008,2008-05-18,2020-05-18,2025,1876
NR,T,TOTAL,CZ,2008W19,1927,19,2008,2008-05-11,2020-05-11,2093,1904
NR,T,TOTAL,CZ,2008W18,2043,18,2008,2008-05-04,2020-05-04,2102,1897
NR,T,TOTAL,CZ,2008W17,2043,17,2008,2008-04-27,2020-04-27,2258,1957
NR,T,TOTAL,CZ,2008W16,2030,16,2008,2008-04-20,2020-04-20,2192,1949
NR,T,TOTAL,CZ,2008W15,2161,15,2008,2008-04-13,2020-04-13,2272,1948
NR,T,TOTAL,CZ,2008W14,2253,14,2008,2008-04-06,2020-04-06,2448,1953
NR,T,TOTAL,CZ,2008W13,2103,13,2008,2008-03-30,2020-03-30,2383,2027
NR,T,TOTAL,CZ,2008W12,2120,12,2008,2008-03-23,2020-03-23,2607,2045
NR,T,TOTAL,CZ,2008W11,2123,11,2008,2008-03-16,2020-03-16,2782,2020
NR,T,TOTAL,CZ,2008W10,2063,10,2008,2008-03-09,2020-03-09,2994,2032
NR,T,TOTAL,CZ,2008W09,2081,9,2008,2008-03-02,2020-03-02,2819,2011
NR,T,TOTAL,CZ,2008W08,2083,8,2008,2008-02-24,2020-02-24,2754,2083
NR,T,TOTAL,CZ,2008W07,2054,7,2008,2008-02-17,2020-02-17,2732,2054
NR,T,TOTAL,CZ,2008W06,2024,6,2008,2008-02-10,2020-02-10,2640,2024
NR,T,TOTAL,CZ,2008W05,2091,5,2008,2008-02-03,2020-02-03,2598,2091
NR,T,TOTAL,CZ,2008W04,2011,4,2008,2008-01-27,2020-01-27,2761,2011
NR,T,TOTAL,CZ,2008W03,2243,3,2008,2008-01-20,2020-01-20,2833,1997
NR,T,TOTAL,CZ,2008W02,2217,2,2008,2008-01-13,2020-01-13,2811,1978
NR,T,TOTAL,CZ,2008W01,2323,1,2008,2008-01-06,2020-01-06,2763,2099
NR,T,TOTAL,CZ,2007W52,2277,52,2007,2007-12-30,2020-12-30,2620,1967
NR,T,TOTAL,CZ,2007W51,2077,51,2007,2007-12-23,2020-12-23,2435,1951
NR,T,TOTAL,CZ,2007W50,2054,50,2007,2007-12-16,2020-12-16,2226,1926
NR,T,TOTAL,CZ,2007W49,2069,49,2007,2007-12-09,2020-12-09,2241,1986
NR,T,TOTAL,CZ,2007W48,2092,48,2007,2007-12-02,2020-12-02,2153,1903
NR,T,TOTAL,CZ,2007W47,2094,47,2007,2007-11-25,2020-11-25,2173,1865
NR,T,TOTAL,CZ,2007W46,2036,46,2007,2007-11-18,2020-11-18,2231,1911
NR,T,TOTAL,CZ,2007W45,1942,45,2007,2007-11-11,2020-11-11,2110,1881
NR,T,TOTAL,CZ,2007W44,1964,44,2007,2007-11-04,2020-11-04,2148,1862
NR,T,TOTAL,CZ,2007W43,2034,43,2007,2007-10-28,2020-10-28,2139,1945
NR,T,TOTAL,CZ,2007W42,1999,42,2007,2007-10-21,2020-10-21,2142,1924
NR,T,TOTAL,CZ,2007W41,2002,41,2007,2007-10-14,2020-10-14,2197,1988
NR,T,TOTAL,CZ,2007W40,2023,40,2007,2007-10-07,2020-10-07,2235,1920
NR,T,TOTAL,CZ,2007W39,2036,39,2007,2007-09-30,2020-09-30,2157,1874
NR,T,TOTAL,CZ,2007W38,1911,38,2007,2007-09-23,2020-09-23,2134,1834
NR,T,TOTAL,CZ,2007W37,1943,37,2007,2007-09-16,2020-09-16,2026,1877
NR,T,TOTAL,CZ,2007W36,1890,36,2007,2007-09-09,2020-09-09,2029,1849
NR,T,TOTAL,CZ,2007W35,1715,35,2007,2007-09-02,2020-09-02,2151,1715
NR,T,TOTAL,CZ,2007W34,1859,34,2007,2007-08-26,2020-08-26,2078,1813
NR,T,TOTAL,CZ,2007W33,1816,33,2007,2007-08-19,2020-08-19,2521,1757
NR,T,TOTAL,CZ,2007W32,1933,32,2007,2007-08-12,2020-08-12,2156,1758
NR,T,TOTAL,CZ,2007W31,1712,31,2007,2007-08-05,2020-08-05,2379,1712
NR,T,TOTAL,CZ,2007W30,1812,30,2007,2007-07-29,2020-07-29,2171,1770
NR,T,TOTAL,CZ,2007W29,2214,29,2007,2007-07-22,2020-07-22,2214,1753
NR,T,TOTAL,CZ,2007W28,1981,28,2007,2007-07-15,2020-07-15,2218,1833
NR,T,TOTAL,CZ,2007W27,1814,27,2007,2007-07-08,2020-07-08,2101,1777
NR,T,TOTAL,CZ,2007W26,1790,26,2007,2007-07-01,2020-07-01,2067,1790
NR,T,TOTAL,CZ,2007W25,1817,25,2007,2007-06-24,2020-06-24,2338,1761
NR,T,TOTAL,CZ,2007W24,1887,24,2007,2007-06-17,2020-06-17,2145,1861
NR,T,TOTAL,CZ,2007W23,1872,23,2007,2007-06-10,2020-06-10,2183,1836
NR,T,TOTAL,CZ,2007W22,1830,22,2007,2007-06-03,2020-06-03,2093,1830
NR,T,TOTAL,CZ,2007W21,2019,21,2007,2007-05-27,2020-05-27,2069,1892
NR,T,TOTAL,CZ,2007W20,1990,20,2007,2007-05-20,2020-05-20,2025,1876
NR,T,TOTAL,CZ,2007W19,1979,19,2007,2007-05-13,2020-05-13,2093,1904
NR,T,TOTAL,CZ,2007W18,1936,18,2007,2007-05-06,2020-05-06,2102,1897
NR,T,TOTAL,CZ,2007W17,1981,17,2007,2007-04-29,2020-04-29,2258,1957
NR,T,TOTAL,CZ,2007W16,1989,16,2007,2007-04-22,2020-04-22,2192,1949
NR,T,TOTAL,CZ,2007W15,2008,15,2007,2007-04-15,2020-04-15,2272,1948
NR,T,TOTAL,CZ,2007W14,1975,14,2007,2007-04-08,2020-04-08,2448,1953
NR,T,TOTAL,CZ,2007W13,2045,13,2007,2007-04-01,2020-04-01,2383,2027
NR,T,TOTAL,CZ,2007W12,2071,12,2007,2007-03-25,2020-03-25,2607,2045
NR,T,TOTAL,CZ,2007W11,2020,11,2007,2007-03-18,2020-03-18,2782,2020
NR,T,TOTAL,CZ,2007W10,2064,10,2007,2007-03-11,2020-03-11,2994,2032
NR,T,TOTAL,CZ,2007W09,2144,9,2007,2007-03-04,2020-03-04,2819,2011
NR,T,TOTAL,CZ,2007W08,2139,8,2007,2007-02-25,2020-02-25,2754,2083
NR,T,TOTAL,CZ,2007W07,2227,7,2007,2007-02-18,2020-02-18,2732,2054
NR,T,TOTAL,CZ,2007W06,2275,6,2007,2007-02-11,2020-02-11,2640,2024
NR,T,TOTAL,CZ,2007W05,2287,5,2007,2007-02-04,2020-02-04,2598,2091
NR,T,TOTAL,CZ,2007W04,2185,4,2007,2007-01-28,2020-01-28,2761,2011
NR,T,TOTAL,CZ,2007W03,2190,3,2007,2007-01-21,2020-01-21,2833,1997
NR,T,TOTAL,CZ,2007W02,2102,2,2007,2007-01-14,2020-01-14,2811,1978
NR,T,TOTAL,CZ,2007W01,2149,1,2007,2007-01-07,2020-01-07,2763,2099
NR,T,TOTAL,CZ,2006W52,2039,52,2006,2006-12-31,2020-12-31,2620,1967
NR,T,TOTAL,CZ,2006W51,1951,51,2006,2006-12-24,2020-12-24,2435,1951
NR,T,TOTAL,CZ,2006W50,1926,50,2006,2006-12-17,2020-12-17,2226,1926
NR,T,TOTAL,CZ,2006W49,1986,49,2006,2006-12-10,2020-12-10,2241,1986
NR,T,TOTAL,CZ,2006W48,1903,48,2006,2006-12-03,2020-12-03,2153,1903
NR,T,TOTAL,CZ,2006W47,1865,47,2006,2006-11-26,2020-11-26,2173,1865
NR,T,TOTAL,CZ,2006W46,2018,46,2006,2006-11-19,2020-11-19,2231,1911
NR,T,TOTAL,CZ,2006W45,1992,45,2006,2006-11-12,2020-11-12,2110,1881
NR,T,TOTAL,CZ,2006W44,2060,44,2006,2006-11-05,2020-11-05,2148,1862
NR,T,TOTAL,CZ,2006W43,2031,43,2006,2006-10-29,2020-10-29,2139,1945
NR,T,TOTAL,CZ,2006W42,2074,42,2006,2006-10-22,2020-10-22,2142,1924
NR,T,TOTAL,CZ,2006W41,2033,41,2006,2006-10-15,2020-10-15,2197,1988
NR,T,TOTAL,CZ,2006W40,1920,40,2006,2006-10-08,2020-10-08,2235,1920
NR,T,TOTAL,CZ,2006W39,1874,39,2006,2006-10-01,2020-10-01,2157,1874
NR,T,TOTAL,CZ,2006W38,1935,38,2006,2006-09-24,2020-09-24,2134,1834
NR,T,TOTAL,CZ,2006W37,2026,37,2006,2006-09-17,2020-09-17,2026,1877
NR,T,TOTAL,CZ,2006W36,2029,36,2006,2006-09-10,2020-09-10,2029,1849
NR,T,TOTAL,CZ,2006W35,1858,35,2006,2006-09-03,2020-09-03,2151,1715
NR,T,TOTAL,CZ,2006W34,1940,34,2006,2006-08-27,2020-08-27,2078,1813
NR,T,TOTAL,CZ,2006W33,1945,33,2006,2006-08-20,2020-08-20,2521,1757
NR,T,TOTAL,CZ,2006W32,1784,32,2006,2006-08-13,2020-08-13,2156,1758
NR,T,TOTAL,CZ,2006W31,1877,31,2006,2006-08-06,2020-08-06,2379,1712
NR,T,TOTAL,CZ,2006W30,2125,30,2006,2006-07-30,2020-07-30,2171,1770
NR,T,TOTAL,CZ,2006W29,1970,29,2006,2006-07-23,2020-07-23,2214,1753
NR,T,TOTAL,CZ,2006W28,1979,28,2006,2006-07-16,2020-07-16,2218,1833
NR,T,TOTAL,CZ,2006W27,1953,27,2006,2006-07-09,2020-07-09,2101,1777
NR,T,TOTAL,CZ,2006W26,1854,26,2006,2006-07-02,2020-07-02,2067,1790
NR,T,TOTAL,CZ,2006W25,2014,25,2006,2006-06-25,2020-06-25,2338,1761
NR,T,TOTAL,CZ,2006W24,2076,24,2006,2006-06-18,2020-06-18,2145,1861
NR,T,TOTAL,CZ,2006W23,1976,23,2006,2006-06-11,2020-06-11,2183,1836
NR,T,TOTAL,CZ,2006W22,1917,22,2006,2006-06-04,2020-06-04,2093,1830
NR,T,TOTAL,CZ,2006W21,1973,21,2006,2006-05-28,2020-05-28,2069,1892
NR,T,TOTAL,CZ,2006W20,1975,20,2006,2006-05-21,2020-05-21,2025,1876
NR,T,TOTAL,CZ,2006W19,1960,19,2006,2006-05-14,2020-05-14,2093,1904
NR,T,TOTAL,CZ,2006W18,1920,18,2006,2006-05-07,2020-05-07,2102,1897
NR,T,TOTAL,CZ,2006W17,2048,17,2006,2006-04-30,2020-04-30,2258,1957
NR,T,TOTAL,CZ,2006W16,1970,16,2006,2006-04-23,2020-04-23,2192,1949
NR,T,TOTAL,CZ,2006W15,2027,15,2006,2006-04-16,2020-04-16,2272,1948
NR,T,TOTAL,CZ,2006W14,1953,14,2006,2006-04-09,2020-04-09,2448,1953
NR,T,TOTAL,CZ,2006W13,2027,13,2006,2006-04-02,2020-04-02,2383,2027
NR,T,TOTAL,CZ,2006W12,2045,12,2006,2006-03-26,2020-03-26,2607,2045
NR,T,TOTAL,CZ,2006W11,2108,11,2006,2006-03-19,2020-03-19,2782,2020
NR,T,TOTAL,CZ,2006W10,2067,10,2006,2006-03-12,2020-03-12,2994,2032
NR,T,TOTAL,CZ,2006W09,2080,9,2006,2006-03-05,2020-03-05,2819,2011
NR,T,TOTAL,CZ,2006W08,2158,8,2006,2006-02-26,2020-02-26,2754,2083
NR,T,TOTAL,CZ,2006W07,2143,7,2006,2006-02-19,2020-02-19,2732,2054
NR,T,TOTAL,CZ,2006W06,2145,6,2006,2006-02-12,2020-02-12,2640,2024
NR,T,TOTAL,CZ,2006W05,2111,5,2006,2006-02-05,2020-02-05,2598,2091
NR,T,TOTAL,CZ,2006W04,2155,4,2006,2006-01-29,2020-01-29,2761,2011
NR,T,TOTAL,CZ,2006W03,2169,3,2006,2006-01-22,2020-01-22,2833,1997
NR,T,TOTAL,CZ,2006W02,2057,2,2006,2006-01-15,2020-01-15,2811,1978
NR,T,TOTAL,CZ,2006W01,2101,1,2006,2006-01-08,2020-01-08,2763,2099
NR,T,TOTAL,CZ,2005W52,2112,52,2005,2006-01-01,2020-01-01,2620,1967
NR,T,TOTAL,CZ,2005W51,2024,51,2005,2005-12-25,2020-12-25,2435,1951
NR,T,TOTAL,CZ,2005W50,2068,50,2005,2005-12-18,2020-12-18,2226,1926
NR,T,TOTAL,CZ,2005W49,2018,49,2005,2005-12-11,2020-12-11,2241,1986
NR,T,TOTAL,CZ,2005W48,2113,48,2005,2005-12-04,2020-12-04,2153,1903
NR,T,TOTAL,CZ,2005W47,2060,47,2005,2005-11-27,2020-11-27,2173,1865
NR,T,TOTAL,CZ,2005W46,1977,46,2005,2005-11-20,2020-11-20,2231,1911
NR,T,TOTAL,CZ,2005W45,1881,45,2005,2005-11-13,2020-11-13,2110,1881
NR,T,TOTAL,CZ,2005W44,1946,44,2005,2005-11-06,2020-11-06,2148,1862
NR,T,TOTAL,CZ,2005W43,1947,43,2005,2005-10-30,2020-10-30,2139,1945
NR,T,TOTAL,CZ,2005W42,2063,42,2005,2005-10-23,2020-10-23,2142,1924
NR,T,TOTAL,CZ,2005W41,1988,41,2005,2005-10-16,2020-10-16,2197,1988
NR,T,TOTAL,CZ,2005W40,2011,40,2005,2005-10-09,2020-10-09,2235,1920
NR,T,TOTAL,CZ,2005W39,1973,39,2005,2005-10-02,2020-10-02,2157,1874
NR,T,TOTAL,CZ,2005W38,1976,38,2005,2005-09-25,2020-09-25,2134,1834
NR,T,TOTAL,CZ,2005W37,1920,37,2005,2005-09-18,2020-09-18,2026,1877
NR,T,TOTAL,CZ,2005W36,1982,36,2005,2005-09-11,2020-09-11,2029,1849
NR,T,TOTAL,CZ,2005W35,1886,35,2005,2005-09-04,2020-09-04,2151,1715
NR,T,TOTAL,CZ,2005W34,2001,34,2005,2005-08-28,2020-08-28,2078,1813
NR,T,TOTAL,CZ,2005W33,1967,33,2005,2005-08-21,2020-08-21,2521,1757
NR,T,TOTAL,CZ,2005W32,1758,32,2005,2005-08-14,2020-08-14,2156,1758
NR,T,TOTAL,CZ,2005W31,1876,31,2005,2005-08-07,2020-08-07,2379,1712
NR,T,TOTAL,CZ,2005W30,2099,30,2005,2005-07-31,2020-07-31,2171,1770
NR,T,TOTAL,CZ,2005W29,1996,29,2005,2005-07-24,2020-07-24,2214,1753
NR,T,TOTAL,CZ,2005W28,1984,28,2005,2005-07-17,2020-07-17,2218,1833
NR,T,TOTAL,CZ,2005W27,1777,27,2005,2005-07-10,2020-07-10,2101,1777
NR,T,TOTAL,CZ,2005W26,1815,26,2005,2005-07-03,2020-07-03,2067,1790
NR,T,TOTAL,CZ,2005W25,1972,25,2005,2005-06-26,2020-06-26,2338,1761
NR,T,TOTAL,CZ,2005W24,1930,24,2005,2005-06-19,2020-06-19,2145,1861
NR,T,TOTAL,CZ,2005W23,1849,23,2005,2005-06-12,2020-06-12,2183,1836
NR,T,TOTAL,CZ,2005W22,1931,22,2005,2005-06-05,2020-06-05,2093,1830
NR,T,TOTAL,CZ,2005W21,2046,21,2005,2005-05-29,2020-05-29,2069,1892
NR,T,TOTAL,CZ,2005W20,1985,20,2005,2005-05-22,2020-05-22,2025,1876
NR,T,TOTAL,CZ,2005W19,1955,19,2005,2005-05-15,2020-05-15,2093,1904
NR,T,TOTAL,CZ,2005W18,1940,18,2005,2005-05-08,2020-05-08,2102,1897
NR,T,TOTAL,CZ,2005W17,2008,17,2005,2005-05-01,2020-05-01,2258,1957
NR,T,TOTAL,CZ,2005W16,2011,16,2005,2005-04-24,2020-04-24,2192,1949
NR,T,TOTAL,CZ,2005W15,2058,15,2005,2005-04-17,2020-04-17,2272,1948
NR,T,TOTAL,CZ,2005W14,2165,14,2005,2005-04-10,2020-04-10,2448,1953
NR,T,TOTAL,CZ,2005W13,2229,13,2005,2005-04-03,2020-04-03,2383,2027
NR,T,TOTAL,CZ,2005W12,2353,12,2005,2005-03-27,2020-03-27,2607,2045
NR,T,TOTAL,CZ,2005W11,2513,11,2005,2005-03-20,2020-03-20,2782,2020
NR,T,TOTAL,CZ,2005W10,2583,10,2005,2005-03-13,2020-03-13,2994,2032
NR,T,TOTAL,CZ,2005W09,2520,9,2005,2005-03-06,2020-03-06,2819,2011
NR,T,TOTAL,CZ,2005W08,2499,8,2005,2005-02-27,2020-02-27,2754,2083
NR,T,TOTAL,CZ,2005W07,2504,7,2005,2005-02-20,2020-02-20,2732,2054
NR,T,TOTAL,CZ,2005W06,2436,6,2005,2005-02-13,2020-02-13,2640,2024
NR,T,TOTAL,CZ,2005W05,2323,5,2005,2005-02-06,2020-02-06,2598,2091
NR,T,TOTAL,CZ,2005W04,2198,4,2005,2005-01-30,2020-01-30,2761,2011
NR,T,TOTAL,CZ,2005W03,2219,3,2005,2005-01-23,2020-01-23,2833,1997
NR,T,TOTAL,CZ,2005W02,2033,2,2005,2005-01-16,2020-01-16,2811,1978
NR,T,TOTAL,CZ,2005W01,2130,1,2005,2005-01-09,2020-01-09,2763,2099
